{"accuracy": 0.23500967117988394, "_timestamp": 1717449066.372754, "_runtime": 8352.519093990326, "_step": 0, "_wandb": {"runtime": 8352}}