{"step": 5000, "lr": 8.940696516468449e-10, "loss": 0.11433325707912445, "_timestamp": 1716513542.317826, "_runtime": 55666.081085920334, "_step": 4999, "_wandb": {"runtime": 55666}}