{"step": 227, "lr": 0.00994924921542406, "loss": 0.1778292953968048, "_timestamp": 1716460484.8124964, "_runtime": 2608.5757563114166, "_step": 226}