{"accuracy": 0.3, "_timestamp": 1717390705.0220256, "_runtime": 99.05762362480164, "_step": 0, "_wandb": {"runtime": 98}}