{"accuracy": 0.3, "_timestamp": 1717389998.0771093, "_runtime": 164.06807732582092, "_step": 0, "_wandb": {"runtime": 163}}