{"accuracy": 0.2460348162475822, "_timestamp": 1717552871.4281657, "_runtime": 5740.181124687195, "_step": 0, "_wandb": {"runtime": 5739}}