{"accuracy": 0.3, "_timestamp": 1717389267.8026032, "_runtime": 164.07581424713135, "_step": 0, "_wandb": {"runtime": 163}}