{"accuracy": 0.027021137502723905, "_timestamp": 1717518927.7569997, "_runtime": 4702.015307664871, "_step": 0, "_wandb": {"runtime": 4701}}