{"accuracy": 0.2680851063829787, "_timestamp": 1717503484.3731527, "_runtime": 6326.323069810867, "_step": 0, "_wandb": {"runtime": 6325}}