{"accuracy": 0.34, "_timestamp": 1717392376.725436, "_runtime": 174.58002591133118, "_step": 0, "_wandb": {"runtime": 174}}