{"accuracy": 0.23578336557059962, "_timestamp": 1717488521.3147762, "_runtime": 2494.155945301056, "_step": 0, "_wandb": {"runtime": 2493}}