{"accuracy": 0.2493230174081238, "_timestamp": 1717530760.7926352, "_runtime": 5800.3869972229, "_step": 0, "_wandb": {"runtime": 5799}}