{"step": 450, "lr": 0.09801547974348068, "loss": 1.485375165939331, "_timestamp": 1716865615.6448889, "_runtime": 1163.943618774414, "_step": 899, "abstain_rate_0.9": 1.0, "accuracy_0.9": 1.0, "abstain_rate_0.75": 1.0, "accuracy_0.75": 1.0, "abstain_rate_0.5": 0.65625, "accuracy_0.5": -0.0625, "abstain_rate_0.25": 0.0, "accuracy_0.25": -0.5, "abstain_rate_0": 0.0, "accuracy_0": -0.5}