{"accuracy": 0.2680851063829787, "_timestamp": 1717505345.5932038, "_runtime": 7174.226811885834, "_step": 0, "_wandb": {"runtime": 7173}}