{"step": 5000, "lr": 8.940696794024205e-11, "loss": 0.12483902275562286, "_timestamp": 1716523738.774756, "_runtime": 11058.946591854095, "_step": 4999, "_wandb": {"runtime": 11058}}