{"accuracy": 0.24506769825918762, "_timestamp": 1717506016.7799025, "_runtime": 6021.357188463211, "_step": 0, "_wandb": {"runtime": 6020}}