{"accuracy": 0.3, "_timestamp": 1717393562.396466, "_runtime": 58.26850199699402, "_step": 0, "_wandb": {"runtime": 57}}