{"accuracy": 0.02636740030507736, "_timestamp": 1717557572.095354, "_runtime": 4665.295772075653, "_step": 0, "_wandb": {"runtime": 4664}}