{"step": 9, "lr": 0.009999919682741165, "loss": 0.3378811180591583, "_timestamp": 1716826226.1673837, "_runtime": 217.2343397140503, "_step": 8, "_wandb": {"runtime": 235}}