{"accuracy": 0.3, "_timestamp": 1717392027.9026234, "_runtime": 56.07913851737976, "_step": 0, "_wandb": {"runtime": 55}}