{"accuracy": 0.3, "_timestamp": 1717393793.8057437, "_runtime": 58.22215175628662, "_step": 0, "_wandb": {"runtime": 57}}