{"accuracy": 0.3, "_timestamp": 1717391527.488786, "_runtime": 56.34203505516052, "_step": 0, "_wandb": {"runtime": 55}}