{"step": 571, "lr": 0.0009681773371994495, "loss": 0.14749886095523834, "_timestamp": 1716460483.4309206, "_runtime": 11714.30460858345, "_step": 570}