{"step": 580, "lr": 0.0009671775042079389, "loss": 0.19287815690040588, "_timestamp": 1716460667.5451474, "_runtime": 11898.418835401535, "_step": 579}