{"step": 22, "lr": 0.0009999523172155023, "loss": 0.21529385447502136, "_timestamp": 1716449330.4889092, "_runtime": 561.3625972270966, "_step": 21}