{"accuracy": 0.23617021276595745, "_timestamp": 1717512050.6587877, "_runtime": 5954.659737825394, "_step": 0, "_wandb": {"runtime": 5954}}