{"step": 10000, "lr": 2.98023217215615e-10, "loss": 0.14835035800933838, "_timestamp": 1716989612.8774133, "_runtime": 27237.225222349167, "_step": 12999, "accuracy_0.9": 1.0, "abstain_rate_0.9": 1.0, "accuracy_0.75": 1.0, "abstain_rate_0.75": 1.0, "accuracy_0.55": 0.75, "abstain_rate_0.55": 0.625, "_wandb": {"runtime": 27252}}