{"accuracy": 0.03312268468075834, "_timestamp": 1717530033.273415, "_runtime": 5304.951198101044, "_step": 0, "_wandb": {"runtime": 5304}}