{"accuracy": 0.3, "_timestamp": 1717388970.2619395, "_runtime": 163.8608615398407, "_step": 0, "_wandb": {"runtime": 163}}