{"step": 7, "lr": 0.002099999925121665, "loss": 0.23871177434921265, "_timestamp": 1716445849.9845822, "_runtime": 609.9438652992249, "_step": 6}