{"step": 5, "lr": 0.001500000013038516, "loss": 0.3428177237510681, "_timestamp": 1716445684.5689034, "_runtime": 444.5281865596771, "_step": 4}