{"step": 8, "lr": 0.0023999998811632395, "loss": 0.15086010098457336, "_timestamp": 1716445932.689513, "_runtime": 692.648796081543, "_step": 7}