{"step": 6, "lr": 0.0017999999690800905, "loss": 0.17254579067230225, "_timestamp": 1716445767.219508, "_runtime": 527.1787910461426, "_step": 5}