{"step": 11, "lr": 0.0032999999821186066, "loss": 0.14529454708099365, "_timestamp": 1716446180.7650268, "_runtime": 940.7243099212646, "_step": 10}