{"accuracy": 0.025495750708215296, "_timestamp": 1717520963.4476368, "_runtime": 4696.653226852417, "_step": 0, "_wandb": {"runtime": 4696}}