{"step": 1769, "lr": 0.0072176032699644566, "loss": 0.1304629147052765, "_timestamp": 1716878822.092233, "_runtime": 4812.750586032867, "_step": 2296, "accuracy_0.9": 1.0, "abstain_rate_0.9": 0.75, "accuracy_0.75": 1.0, "abstain_rate_0.75": 0.5, "accuracy_0.55": 1.0, "abstain_rate_0.55": 0.5}