{"step": 1771, "lr": 0.0072119710966944695, "loss": 0.06963317096233368, "_timestamp": 1716878829.219106, "_runtime": 4819.877459049225, "_step": 2301, "accuracy_0.9": 1.0, "abstain_rate_0.9": 1.0, "accuracy_0.75": 1.0, "abstain_rate_0.75": 1.0, "accuracy_0.55": 1.0, "abstain_rate_0.55": 0.75}