{"step": 380, "lr": 0.023401379585266113, "loss": 0.22579027712345123, "_timestamp": 1716448369.2096972, "_runtime": 1100.2076332569122, "_step": 379}