{"step": 393, "lr": 0.022829672321677208, "loss": 0.1859142929315567, "_timestamp": 1716448404.686708, "_runtime": 1135.684643983841, "_step": 392}