{"step": 419, "lr": 0.02163921669125557, "loss": 0.15423879027366638, "_timestamp": 1716448475.5553417, "_runtime": 1206.5532777309418, "_step": 418}