{"step": 395, "lr": 0.022740259766578674, "loss": 0.1130995824933052, "_timestamp": 1716448410.1451993, "_runtime": 1141.1431353092194, "_step": 394}