{"accuracy": 0.26305609284332687, "_timestamp": 1717538536.4807737, "_runtime": 5896.08219575882, "_step": 0, "_wandb": {"runtime": 5895}}