{"step": 4, "lr": 0.0011999999405816197, "loss": 0.26287493109703064, "_timestamp": 1716445883.834095, "_runtime": 422.1862769126892, "_step": 3}