{"step": 7, "lr": 0.002099999925121665, "loss": 0.23871177434921265, "_timestamp": 1716446177.1651394, "_runtime": 715.5173213481903, "_step": 6}