{"step": 2, "lr": 0.0005999999702908099, "loss": 0.19014133512973785, "_timestamp": 1716445688.2378836, "_runtime": 226.59006547927856, "_step": 1}