{"step": 3, "lr": 0.0008999999845400453, "loss": 0.2131194770336151, "_timestamp": 1716445786.0680137, "_runtime": 324.4201955795288, "_step": 2}