{"step": 2363, "lr": 0.000543134578038007, "loss": 0.1466192752122879, "_timestamp": 1716460483.44236, "_runtime": 9900.42035984993, "_step": 2362}