{"step": 2365, "lr": 0.0005425086710602045, "loss": 0.15055879950523376, "_timestamp": 1716460491.3697212, "_runtime": 9908.347721099854, "_step": 2364}