{"step": 5000, "lr": 8.940696794024205e-11, "loss": 0.1793517768383026, "_timestamp": 1716470633.3781197, "_runtime": 20050.35611963272, "_step": 4999, "_wandb": {"runtime": 20050}}