{"step": 5000, "lr": 8.940696516468449e-10, "loss": null, "_timestamp": 1716487370.018379, "_runtime": 9926.915971040726, "_step": 4999, "_wandb": {"runtime": 9926}}