{"step": 5000, "lr": 8.940696516468449e-10, "loss": 0.0654318556189537, "_timestamp": 1716893178.9917364, "_runtime": 14064.139681339264, "_step": 6499, "accuracy_0.9": 1.0, "abstain_rate_0.9": 1.0, "accuracy_0.75": 1.0, "abstain_rate_0.75": 0.75, "accuracy_0.55": 0.875, "abstain_rate_0.55": 0.375, "_wandb": {"runtime": 14064}}