{"step": 9, "lr": 0.09999920427799225, "loss": 60.515811920166016, "_timestamp": 1716827619.1442475, "_runtime": 160.88695859909058, "_step": 8, "_wandb": {"runtime": 179}}