{"step": 9, "lr": 0.009999919682741165, "loss": 0.3382353186607361, "_timestamp": 1716836978.5264673, "_runtime": 161.7174813747406, "_step": 8, "_wandb": {"runtime": 195}}