{"step": 1000, "lr": 9.119510480104509e-08, "loss": 0.21603655815124512, "_timestamp": 1716448077.4696531, "_runtime": 720.0668501853943, "_step": 999, "_wandb": {"runtime": 720}}