{"accuracy": 0.02767487470037045, "_timestamp": 1717535934.6027107, "_runtime": 5038.718295812607, "_step": 0, "_wandb": {"runtime": 5038}}