{"accuracy": 0.348, "_timestamp": 1717395854.4205112, "_runtime": 711.8138103485107, "_step": 0, "_wandb": {"runtime": 711}}