{"accuracy": 0.024, "_timestamp": 1717512961.5231338, "_runtime": 576.8896677494049, "_step": 0, "_wandb": {"runtime": 576}}