{"accuracy": 0.03203312268468076, "_timestamp": 1717543452.5893836, "_runtime": 4874.532825708389, "_step": 0, "_wandb": {"runtime": 4874}}