{"step": 10000, "lr": 2.98023217215615e-10, "loss": 0.06413985788822174, "_timestamp": 1717046016.310082, "_runtime": 27384.004662036896, "_step": 12999, "accuracy_0.9": 0.875, "abstain_rate_0.9": 0.75, "accuracy_0.75": 0.875, "abstain_rate_0.75": 0.75, "accuracy_0.55": 0.75, "abstain_rate_0.55": 0.375, "_wandb": {"runtime": 27398}}