{"accuracy": 0.34, "_timestamp": 1717393267.4876792, "_runtime": 170.2940173149109, "_step": 0, "_wandb": {"runtime": 169}}