{"accuracy": 0.3, "_timestamp": 1717394319.943184, "_runtime": 58.04694199562073, "_step": 0, "_wandb": {"runtime": 57}}