{"step": 14, "lr": 0.00419999985024333, "loss": 0.18023324012756348, "_timestamp": 1716445939.5618367, "_runtime": 1473.3223016262054, "_step": 13}