{"step": 13, "lr": 0.003899999661371112, "loss": 0.3555072247982025, "_timestamp": 1716445837.127112, "_runtime": 1370.8875768184662, "_step": 12}