{"step": 5, "lr": 0.001500000013038516, "loss": 0.758506178855896, "_timestamp": 1716445018.0739615, "_runtime": 551.8344264030457, "_step": 4}