{"step": 11, "lr": 0.0032999999821186066, "loss": 0.22969572246074677, "_timestamp": 1716445632.5244322, "_runtime": 1166.2848970890045, "_step": 10}