{"step": 6, "lr": 0.0017999999690800905, "loss": 0.18057285249233246, "_timestamp": 1716445120.5157468, "_runtime": 654.2762117385864, "_step": 5}