{"step": 12, "lr": 0.003599999938160181, "loss": 0.0, "_timestamp": 1716445734.9152389, "_runtime": 1268.6757037639618, "_step": 11}