{"step": 17, "lr": 0.0050999997183680534, "loss": 0.3950308859348297, "_timestamp": 1716446246.6773558, "_runtime": 1780.437820672989, "_step": 16}